<?xml version="1.0" encoding="UTF-8"?>
<project-private xmlns="http://www.netbeans.org/ns/project-private/1">
    <editor-bookmarks xmlns="http://www.netbeans.org/ns/editor-bookmarks/2" lastBookmarkId="0"/>
    <open-files xmlns="http://www.netbeans.org/ns/projectui-open-files/2">
        <group>
            <file>file:/C:/Users/bcrep/OneDrive/Documentos/NetBeansProjects/TrabalhoLP3_Interface/src/trabalholp3_interface/Interface_4.java</file>
            <file>file:/C:/Users/bcrep/OneDrive/Documentos/NetBeansProjects/TrabalhoLP3_Interface/src/trabalholp3_interface/Interface_6.java</file>
            <file>file:/C:/Users/bcrep/OneDrive/Documentos/NetBeansProjects/TrabalhoLP3_Interface/src/trabalholp3_interface/Interface_3.java</file>
            <file>file:/C:/Users/bcrep/OneDrive/Documentos/NetBeansProjects/TrabalhoLP3_Interface/src/trabalholp3_interface/Interface_7.java</file>
            <file>file:/C:/Users/bcrep/OneDrive/Documentos/NetBeansProjects/TrabalhoLP3_Interface/src/trabalholp3_interface/Interface_2.java</file>
            <file>file:/C:/Users/bcrep/OneDrive/Documentos/NetBeansProjects/TrabalhoLP3_Interface/src/trabalholp3_interface/Interface_1.java</file>
            <file>file:/C:/Users/bcrep/OneDrive/Documentos/NetBeansProjects/TrabalhoLP3_Interface/src/trabalholp3_interface/Interface_5.java</file>
        </group>
    </open-files>
</project-private>
